PersonCode,PersonName
Stu,Stu
Mark,Mark
SarahC,Sarah C
Stephen,Stephen
Blair,Blair
Carly,Carly
Fred,Fred
SarahK,Sarah K
Greg,Greg
